img_id,target
train_0001.jpg,31
train_0002.jpg,39
train_0003.jpg,17
train_0004.jpg,37
train_0005.jpg,1
train_0006.jpg,49
train_0007.jpg,34
train_0008.jpg,20
train_0009.jpg,36
train_0010.jpg,43
train_0011.jpg,3
train_0012.jpg,39
train_0013.jpg,15
train_0014.jpg,6
train_0015.jpg,29
train_0016.jpg,22
train_0017.jpg,42
train_0018.jpg,43
train_0019.jpg,28
train_0020.jpg,6
train_0021.jpg,36
train_0022.jpg,7
train_0023.jpg,47
train_0024.jpg,12
train_0025.jpg,14
train_0026.jpg,28
train_0027.jpg,32
train_0028.jpg,9
train_0029.jpg,38
train_0030.jpg,43
train_0031.jpg,10
train_0032.jpg,1
train_0033.jpg,36
train_0034.jpg,48
train_0035.jpg,25
train_0036.jpg,22
train_0037.jpg,36
train_0038.jpg,2
train_0039.jpg,2
train_0040.jpg,48
train_0041.jpg,14
train_0042.jpg,6
train_0043.jpg,44
train_0044.jpg,7
train_0045.jpg,18
train_0046.jpg,22
train_0047.jpg,34
train_0048.jpg,17
train_0049.jpg,7
train_0050.jpg,26
train_0051.jpg,9
train_0052.jpg,15
train_0053.jpg,16
train_0054.jpg,39
train_0055.jpg,48
train_0056.jpg,2
train_0057.jpg,40
train_0058.jpg,8
train_0059.jpg,5
train_0060.jpg,48
train_0061.jpg,48
train_0062.jpg,10
train_0063.jpg,38
train_0064.jpg,32
train_0065.jpg,21
train_0066.jpg,49
train_0067.jpg,32
train_0068.jpg,7
train_0069.jpg,47
train_0070.jpg,43
train_0071.jpg,26
train_0072.jpg,24
train_0073.jpg,30
train_0074.jpg,31
train_0075.jpg,49
train_0076.jpg,40
train_0077.jpg,12
train_0078.jpg,6
train_0079.jpg,15
train_0080.jpg,3
train_0081.jpg,36
train_0082.jpg,24
train_0083.jpg,26
train_0084.jpg,13
train_0085.jpg,15
train_0086.jpg,0
train_0087.jpg,38
train_0088.jpg,23
train_0089.jpg,46
train_0090.jpg,48
train_0091.jpg,17
train_0092.jpg,16
train_0093.jpg,42
train_0094.jpg,6
train_0095.jpg,11
train_0096.jpg,7
train_0097.jpg,13
train_0098.jpg,35
train_0099.jpg,16
train_0100.jpg,10
train_0101.jpg,39
train_0102.jpg,30
train_0103.jpg,12
train_0104.jpg,49
train_0105.jpg,39
train_0106.jpg,38
train_0107.jpg,42
train_0108.jpg,21
train_0109.jpg,46
train_0110.jpg,31
train_0111.jpg,24
train_0112.jpg,47
train_0113.jpg,8
train_0114.jpg,15
train_0115.jpg,23
train_0116.jpg,29
train_0117.jpg,34
train_0118.jpg,2
train_0119.jpg,37
train_0120.jpg,22
train_0121.jpg,4
train_0122.jpg,48
train_0123.jpg,36
train_0124.jpg,45
train_0125.jpg,8
train_0126.jpg,17
train_0127.jpg,22
train_0128.jpg,40
train_0129.jpg,5
train_0130.jpg,40
train_0131.jpg,18
train_0132.jpg,0
train_0133.jpg,12
train_0134.jpg,21
train_0135.jpg,30
train_0136.jpg,21
train_0137.jpg,7
train_0138.jpg,15
train_0139.jpg,0
train_0140.jpg,47
train_0141.jpg,0
train_0142.jpg,40
train_0143.jpg,5
train_0144.jpg,10
train_0145.jpg,26
train_0146.jpg,18
train_0147.jpg,14
train_0148.jpg,30
train_0149.jpg,22
train_0150.jpg,49
train_0151.jpg,27
train_0152.jpg,39
train_0153.jpg,11
train_0154.jpg,23
train_0155.jpg,44
train_0156.jpg,17
train_0157.jpg,26
train_0158.jpg,19
train_0159.jpg,4
train_0160.jpg,42
train_0161.jpg,18
train_0162.jpg,48
train_0163.jpg,11
train_0164.jpg,18
train_0165.jpg,22
train_0166.jpg,21
train_0167.jpg,44
train_0168.jpg,32
train_0169.jpg,8
train_0170.jpg,5
train_0171.jpg,11
train_0172.jpg,20
train_0173.jpg,3
train_0174.jpg,23
train_0175.jpg,42
train_0176.jpg,36
train_0177.jpg,5
train_0178.jpg,21
train_0179.jpg,16
train_0180.jpg,36
train_0181.jpg,5
train_0182.jpg,25
train_0183.jpg,14
train_0184.jpg,35
train_0185.jpg,4
train_0186.jpg,18
train_0187.jpg,30
train_0188.jpg,31
train_0189.jpg,30
train_0190.jpg,37
train_0191.jpg,16
train_0192.jpg,32
train_0193.jpg,48
train_0194.jpg,14
train_0195.jpg,2
train_0196.jpg,32
train_0197.jpg,14
train_0198.jpg,19
train_0199.jpg,44
train_0200.jpg,4
train_0201.jpg,27
train_0202.jpg,35
train_0203.jpg,7
train_0204.jpg,2
train_0205.jpg,14
train_0206.jpg,10
train_0207.jpg,6
train_0208.jpg,23
train_0209.jpg,14
train_0210.jpg,24
train_0211.jpg,33
train_0212.jpg,40
train_0213.jpg,41
train_0214.jpg,23
train_0215.jpg,28
train_0216.jpg,37
train_0217.jpg,14
train_0218.jpg,24
train_0219.jpg,2
train_0220.jpg,5
train_0221.jpg,20
train_0222.jpg,26
train_0223.jpg,43
train_0224.jpg,10
train_0225.jpg,46
train_0226.jpg,1
train_0227.jpg,38
train_0228.jpg,33
train_0229.jpg,35
train_0230.jpg,45
train_0231.jpg,6
train_0232.jpg,2
train_0233.jpg,45
train_0234.jpg,22
train_0235.jpg,1
train_0236.jpg,49
train_0237.jpg,8
train_0238.jpg,37
train_0239.jpg,35
train_0240.jpg,4
train_0241.jpg,43
train_0242.jpg,23
train_0243.jpg,25
train_0244.jpg,40
train_0245.jpg,2
train_0246.jpg,0
train_0247.jpg,2
train_0248.jpg,12
train_0249.jpg,22
train_0250.jpg,36
train_0251.jpg,32
train_0252.jpg,4
train_0253.jpg,30
train_0254.jpg,30
train_0255.jpg,24
train_0256.jpg,3
train_0257.jpg,16
train_0258.jpg,29
train_0259.jpg,28
train_0260.jpg,13
train_0261.jpg,17
train_0262.jpg,35
train_0263.jpg,11
train_0264.jpg,27
train_0265.jpg,6
train_0266.jpg,16
train_0267.jpg,42
train_0268.jpg,44
train_0269.jpg,13
train_0270.jpg,7
train_0271.jpg,45
train_0272.jpg,48
train_0273.jpg,31
train_0274.jpg,15
train_0275.jpg,3
train_0276.jpg,44
train_0277.jpg,41
train_0278.jpg,45
train_0279.jpg,37
train_0280.jpg,25
train_0281.jpg,28
train_0282.jpg,29
train_0283.jpg,15
train_0284.jpg,25
train_0285.jpg,11
train_0286.jpg,49
train_0287.jpg,14
train_0288.jpg,39
train_0289.jpg,23
train_0290.jpg,8
train_0291.jpg,0
train_0292.jpg,42
train_0293.jpg,36
train_0294.jpg,7
train_0295.jpg,44
train_0296.jpg,31
train_0297.jpg,33
train_0298.jpg,12
train_0299.jpg,25
train_0300.jpg,8
train_0301.jpg,24
train_0302.jpg,44
train_0303.jpg,21
train_0304.jpg,33
train_0305.jpg,23
train_0306.jpg,10
train_0307.jpg,35
train_0308.jpg,21
train_0309.jpg,6
train_0310.jpg,15
train_0311.jpg,23
train_0312.jpg,37
train_0313.jpg,7
train_0314.jpg,5
train_0315.jpg,20
train_0316.jpg,37
train_0317.jpg,18
train_0318.jpg,17
train_0319.jpg,9
train_0320.jpg,11
train_0321.jpg,47
train_0322.jpg,32
train_0323.jpg,45
train_0324.jpg,48
train_0325.jpg,36
train_0326.jpg,11
train_0327.jpg,17
train_0328.jpg,2
train_0329.jpg,42
train_0330.jpg,42
train_0331.jpg,45
train_0332.jpg,40
train_0333.jpg,33
train_0334.jpg,28
train_0335.jpg,25
train_0336.jpg,37
train_0337.jpg,41
train_0338.jpg,21
train_0339.jpg,23
train_0340.jpg,32
train_0341.jpg,40
train_0342.jpg,13
train_0343.jpg,33
train_0344.jpg,2
train_0345.jpg,21
train_0346.jpg,27
train_0347.jpg,3
train_0348.jpg,40
train_0349.jpg,49
train_0350.jpg,9
train_0351.jpg,28
train_0352.jpg,48
train_0353.jpg,39
train_0354.jpg,24
train_0355.jpg,10
train_0356.jpg,16
train_0357.jpg,8
train_0358.jpg,19
train_0359.jpg,24
train_0360.jpg,13
train_0361.jpg,15
train_0362.jpg,12
train_0363.jpg,18
train_0364.jpg,45
train_0365.jpg,11
train_0366.jpg,39
train_0367.jpg,21
train_0368.jpg,32
train_0369.jpg,45
train_0370.jpg,35
train_0371.jpg,34
train_0372.jpg,9
train_0373.jpg,0
train_0374.jpg,21
train_0375.jpg,5
train_0376.jpg,2
train_0377.jpg,49
train_0378.jpg,23
train_0379.jpg,23
train_0380.jpg,28
train_0381.jpg,26
train_0382.jpg,22
train_0383.jpg,18
train_0384.jpg,7
train_0385.jpg,25
train_0386.jpg,19
train_0387.jpg,18
train_0388.jpg,9
train_0389.jpg,17
train_0390.jpg,6
train_0391.jpg,32
train_0392.jpg,7
train_0393.jpg,25
train_0394.jpg,33
train_0395.jpg,43
train_0396.jpg,48
train_0397.jpg,36
train_0398.jpg,40
train_0399.jpg,18
train_0400.jpg,0
train_0401.jpg,32
train_0402.jpg,22
train_0403.jpg,10
train_0404.jpg,37
train_0405.jpg,5
train_0406.jpg,24
train_0407.jpg,49
train_0408.jpg,32
train_0409.jpg,25
train_0410.jpg,41
train_0411.jpg,38
train_0412.jpg,41
train_0413.jpg,19
train_0414.jpg,40
train_0415.jpg,4
train_0416.jpg,39
train_0417.jpg,0
train_0418.jpg,48
train_0419.jpg,36
train_0420.jpg,7
train_0421.jpg,47
train_0422.jpg,42
train_0423.jpg,15
train_0424.jpg,2
train_0425.jpg,3
train_0426.jpg,44
train_0427.jpg,49
train_0428.jpg,20
train_0429.jpg,49
train_0430.jpg,19
train_0431.jpg,45
train_0432.jpg,29
train_0433.jpg,39
train_0434.jpg,4
train_0435.jpg,12
train_0436.jpg,23
train_0437.jpg,38
train_0438.jpg,31
train_0439.jpg,33
train_0440.jpg,6
train_0441.jpg,26
train_0442.jpg,29
train_0443.jpg,17
train_0444.jpg,43
train_0445.jpg,26
train_0446.jpg,33
train_0447.jpg,45
train_0448.jpg,23
train_0449.jpg,43
train_0450.jpg,29
train_0451.jpg,35
train_0452.jpg,38
train_0453.jpg,17
train_0454.jpg,33
train_0455.jpg,35
train_0456.jpg,19
train_0457.jpg,18
train_0458.jpg,32
train_0459.jpg,15
train_0460.jpg,9
train_0461.jpg,31
train_0462.jpg,22
train_0463.jpg,1
train_0464.jpg,18
train_0465.jpg,29
train_0466.jpg,8
train_0467.jpg,44
train_0468.jpg,35
train_0469.jpg,8
train_0470.jpg,22
train_0471.jpg,9
train_0472.jpg,1
train_0473.jpg,49
train_0474.jpg,47
train_0475.jpg,10
train_0476.jpg,10
train_0477.jpg,25
train_0478.jpg,40
train_0479.jpg,28
train_0480.jpg,22
train_0481.jpg,7
train_0482.jpg,38
train_0483.jpg,31
train_0484.jpg,41
train_0485.jpg,32
train_0486.jpg,37
train_0487.jpg,44
train_0488.jpg,32
train_0489.jpg,11
train_0490.jpg,3
train_0491.jpg,26
train_0492.jpg,41
train_0493.jpg,29
train_0494.jpg,1
train_0495.jpg,34
train_0496.jpg,8
train_0497.jpg,17
train_0498.jpg,4
train_0499.jpg,44
train_0500.jpg,38
train_0501.jpg,35
train_0502.jpg,2
train_0503.jpg,2
train_0504.jpg,2
train_0505.jpg,35
train_0506.jpg,35
train_0507.jpg,12
train_0508.jpg,25
train_0509.jpg,5
train_0510.jpg,1
train_0511.jpg,36
train_0512.jpg,5
train_0513.jpg,12
train_0514.jpg,46
train_0515.jpg,28
train_0516.jpg,22
train_0517.jpg,3
train_0518.jpg,16
train_0519.jpg,42
train_0520.jpg,8
train_0521.jpg,39
train_0522.jpg,31
train_0523.jpg,32
train_0524.jpg,34
train_0525.jpg,16
train_0526.jpg,43
train_0527.jpg,39
train_0528.jpg,9
train_0529.jpg,28
train_0530.jpg,40
train_0531.jpg,16
train_0532.jpg,47
train_0533.jpg,46
train_0534.jpg,9
train_0535.jpg,31
train_0536.jpg,0
train_0537.jpg,18
train_0538.jpg,34
train_0539.jpg,0
train_0540.jpg,40
train_0541.jpg,10
train_0542.jpg,20
train_0543.jpg,11
train_0544.jpg,18
train_0545.jpg,38
train_0546.jpg,6
train_0547.jpg,37
train_0548.jpg,27
train_0549.jpg,43
train_0550.jpg,38
train_0551.jpg,49
train_0552.jpg,0
train_0553.jpg,17
train_0554.jpg,26
train_0555.jpg,15
train_0556.jpg,27
train_0557.jpg,13
train_0558.jpg,22
train_0559.jpg,11
train_0560.jpg,22
train_0561.jpg,14
train_0562.jpg,0
train_0563.jpg,24
train_0564.jpg,17
train_0565.jpg,45
train_0566.jpg,3
train_0567.jpg,3
train_0568.jpg,47
train_0569.jpg,17
train_0570.jpg,26
train_0571.jpg,46
train_0572.jpg,23
train_0573.jpg,37
train_0574.jpg,42
train_0575.jpg,7
train_0576.jpg,38
train_0577.jpg,2
train_0578.jpg,45
train_0579.jpg,7
train_0580.jpg,48
train_0581.jpg,27
train_0582.jpg,21
train_0583.jpg,45
train_0584.jpg,5
train_0585.jpg,20
train_0586.jpg,25
train_0587.jpg,29
train_0588.jpg,8
train_0589.jpg,5
train_0590.jpg,2
train_0591.jpg,17
train_0592.jpg,22
train_0593.jpg,20
train_0594.jpg,31
train_0595.jpg,27
train_0596.jpg,9
train_0597.jpg,30
train_0598.jpg,24
train_0599.jpg,13
train_0600.jpg,35
train_0601.jpg,30
train_0602.jpg,35
train_0603.jpg,44
train_0604.jpg,31
train_0605.jpg,46
train_0606.jpg,19
train_0607.jpg,47
train_0608.jpg,17
train_0609.jpg,44
train_0610.jpg,42
train_0611.jpg,13
train_0612.jpg,33
train_0613.jpg,30
train_0614.jpg,22
train_0615.jpg,22
train_0616.jpg,26
train_0617.jpg,42
train_0618.jpg,42
train_0619.jpg,7
train_0620.jpg,0
train_0621.jpg,4
train_0622.jpg,34
train_0623.jpg,48
train_0624.jpg,10
train_0625.jpg,23
train_0626.jpg,2
train_0627.jpg,13
train_0628.jpg,14
train_0629.jpg,8
train_0630.jpg,21
train_0631.jpg,8
train_0632.jpg,41
train_0633.jpg,39
train_0634.jpg,40
train_0635.jpg,29
train_0636.jpg,37
train_0637.jpg,9
train_0638.jpg,17
train_0639.jpg,43
train_0640.jpg,46
train_0641.jpg,31
train_0642.jpg,9
train_0643.jpg,33
train_0644.jpg,47
train_0645.jpg,44
train_0646.jpg,34
train_0647.jpg,49
train_0648.jpg,21
train_0649.jpg,48
train_0650.jpg,14
train_0651.jpg,20
train_0652.jpg,28
train_0653.jpg,10
train_0654.jpg,7
train_0655.jpg,20
train_0656.jpg,1
train_0657.jpg,14
train_0658.jpg,0
train_0659.jpg,15
train_0660.jpg,30
train_0661.jpg,39
train_0662.jpg,48
train_0663.jpg,1
train_0664.jpg,8
train_0665.jpg,15
train_0666.jpg,34
train_0667.jpg,22
train_0668.jpg,35
train_0669.jpg,38
train_0670.jpg,11
train_0671.jpg,29
train_0672.jpg,48
train_0673.jpg,17
train_0674.jpg,16
train_0675.jpg,24
train_0676.jpg,48
train_0677.jpg,36
train_0678.jpg,31
train_0679.jpg,42
train_0680.jpg,24
train_0681.jpg,40
train_0682.jpg,37
train_0683.jpg,17
train_0684.jpg,34
train_0685.jpg,49
train_0686.jpg,46
train_0687.jpg,13
train_0688.jpg,28
train_0689.jpg,28
train_0690.jpg,34
train_0691.jpg,44
train_0692.jpg,45
train_0693.jpg,22
train_0694.jpg,1
train_0695.jpg,15
train_0696.jpg,10
train_0697.jpg,16
train_0698.jpg,20
train_0699.jpg,42
train_0700.jpg,1
train_0701.jpg,5
train_0702.jpg,31
train_0703.jpg,49
train_0704.jpg,21
train_0705.jpg,43
train_0706.jpg,49
train_0707.jpg,48
train_0708.jpg,27
train_0709.jpg,49
train_0710.jpg,0
train_0711.jpg,28
train_0712.jpg,27
train_0713.jpg,29
train_0714.jpg,7
train_0715.jpg,23
train_0716.jpg,38
train_0717.jpg,16
train_0718.jpg,6
train_0719.jpg,42
train_0720.jpg,44
train_0721.jpg,47
train_0722.jpg,9
train_0723.jpg,34
train_0724.jpg,45
train_0725.jpg,23
train_0726.jpg,27
train_0727.jpg,46
train_0728.jpg,47
train_0729.jpg,32
train_0730.jpg,11
train_0731.jpg,39
train_0732.jpg,38
train_0733.jpg,36
train_0734.jpg,1
train_0735.jpg,17
train_0736.jpg,40
train_0737.jpg,43
train_0738.jpg,39
train_0739.jpg,39
train_0740.jpg,36
train_0741.jpg,4
train_0742.jpg,19
train_0743.jpg,48
train_0744.jpg,37
train_0745.jpg,15
train_0746.jpg,43
train_0747.jpg,20
train_0748.jpg,0
train_0749.jpg,24
train_0750.jpg,20
train_0751.jpg,10
train_0752.jpg,46
train_0753.jpg,1
train_0754.jpg,16
train_0755.jpg,28
train_0756.jpg,42
train_0757.jpg,38
train_0758.jpg,43
train_0759.jpg,17
train_0760.jpg,1
train_0761.jpg,44
train_0762.jpg,4
train_0763.jpg,30
train_0764.jpg,37
train_0765.jpg,29
train_0766.jpg,17
train_0767.jpg,4
train_0768.jpg,46
train_0769.jpg,7
train_0770.jpg,23
train_0771.jpg,10
train_0772.jpg,24
train_0773.jpg,30
train_0774.jpg,10
train_0775.jpg,35
train_0776.jpg,9
train_0777.jpg,32
train_0778.jpg,37
train_0779.jpg,37
train_0780.jpg,1
train_0781.jpg,5
train_0782.jpg,8
train_0783.jpg,19
train_0784.jpg,35
train_0785.jpg,30
train_0786.jpg,36
train_0787.jpg,21
train_0788.jpg,36
train_0789.jpg,7
train_0790.jpg,16
train_0791.jpg,5
train_0792.jpg,13
train_0793.jpg,15
train_0794.jpg,47
train_0795.jpg,12
train_0796.jpg,1
train_0797.jpg,8
train_0798.jpg,42
train_0799.jpg,47
train_0800.jpg,49
train_0801.jpg,39
train_0802.jpg,12
train_0803.jpg,1
train_0804.jpg,42
train_0805.jpg,22
train_0806.jpg,19
train_0807.jpg,42
train_0808.jpg,40
train_0809.jpg,13
train_0810.jpg,12
train_0811.jpg,20
train_0812.jpg,9
train_0813.jpg,30
train_0814.jpg,21
train_0815.jpg,7
train_0816.jpg,4
train_0817.jpg,35
train_0818.jpg,19
train_0819.jpg,7
train_0820.jpg,29
train_0821.jpg,38
train_0822.jpg,5
train_0823.jpg,2
train_0824.jpg,10
train_0825.jpg,11
train_0826.jpg,7
train_0827.jpg,44
train_0828.jpg,14
train_0829.jpg,3
train_0830.jpg,38
train_0831.jpg,32
train_0832.jpg,45
train_0833.jpg,20
train_0834.jpg,46
train_0835.jpg,13
train_0836.jpg,11
train_0837.jpg,29
train_0838.jpg,43
train_0839.jpg,32
train_0840.jpg,43
train_0841.jpg,12
train_0842.jpg,34
train_0843.jpg,12
train_0844.jpg,21
train_0845.jpg,5
train_0846.jpg,0
train_0847.jpg,49
train_0848.jpg,33
train_0849.jpg,46
train_0850.jpg,8
train_0851.jpg,41
train_0852.jpg,48
train_0853.jpg,16
train_0854.jpg,44
train_0855.jpg,14
train_0856.jpg,22
train_0857.jpg,36
train_0858.jpg,44
train_0859.jpg,21
train_0860.jpg,18
train_0861.jpg,7
train_0862.jpg,34
train_0863.jpg,2
train_0864.jpg,27
train_0865.jpg,3
train_0866.jpg,28
train_0867.jpg,42
train_0868.jpg,0
train_0869.jpg,27
train_0870.jpg,13
train_0871.jpg,7
train_0872.jpg,25
train_0873.jpg,44
train_0874.jpg,41
train_0875.jpg,6
train_0876.jpg,10
train_0877.jpg,41
train_0878.jpg,19
train_0879.jpg,36
train_0880.jpg,12
train_0881.jpg,48
train_0882.jpg,25
train_0883.jpg,7
train_0884.jpg,42
train_0885.jpg,43
train_0886.jpg,40
train_0887.jpg,45
train_0888.jpg,15
train_0889.jpg,49
train_0890.jpg,28
train_0891.jpg,24
train_0892.jpg,5
train_0893.jpg,31
train_0894.jpg,0
train_0895.jpg,32
train_0896.jpg,30
train_0897.jpg,37
train_0898.jpg,11
train_0899.jpg,5
train_0900.jpg,18
train_0901.jpg,34
train_0902.jpg,42
train_0903.jpg,28
train_0904.jpg,6
train_0905.jpg,32
train_0906.jpg,43
train_0907.jpg,29
train_0908.jpg,35
train_0909.jpg,4
train_0910.jpg,41
train_0911.jpg,41
train_0912.jpg,39
train_0913.jpg,0
train_0914.jpg,3
train_0915.jpg,43
train_0916.jpg,20
train_0917.jpg,1
train_0918.jpg,3
train_0919.jpg,43
train_0920.jpg,31
train_0921.jpg,26
train_0922.jpg,20
train_0923.jpg,27
train_0924.jpg,5
train_0925.jpg,35
train_0926.jpg,44
train_0927.jpg,45
train_0928.jpg,24
train_0929.jpg,30
train_0930.jpg,14
train_0931.jpg,38
train_0932.jpg,40
train_0933.jpg,22
train_0934.jpg,3
train_0935.jpg,22
train_0936.jpg,11
train_0937.jpg,30
train_0938.jpg,35
train_0939.jpg,17
train_0940.jpg,0
train_0941.jpg,17
train_0942.jpg,8
train_0943.jpg,41
train_0944.jpg,41
train_0945.jpg,20
train_0946.jpg,23
train_0947.jpg,36
train_0948.jpg,33
train_0949.jpg,36
train_0950.jpg,1
train_0951.jpg,30
train_0952.jpg,15
train_0953.jpg,1
train_0954.jpg,17
train_0955.jpg,33
train_0956.jpg,3
train_0957.jpg,27
train_0958.jpg,3
train_0959.jpg,4
train_0960.jpg,24
train_0961.jpg,10
train_0962.jpg,46
train_0963.jpg,31
train_0964.jpg,22
train_0965.jpg,49
train_0966.jpg,30
train_0967.jpg,19
train_0968.jpg,45
train_0969.jpg,49
train_0970.jpg,13
train_0971.jpg,48
train_0972.jpg,42
train_0973.jpg,20
train_0974.jpg,11
train_0975.jpg,43
train_0976.jpg,37
train_0977.jpg,40
train_0978.jpg,32
train_0979.jpg,25
train_0980.jpg,38
train_0981.jpg,14
train_0982.jpg,43
train_0983.jpg,34
train_0984.jpg,25
train_0985.jpg,22
train_0986.jpg,11
train_0987.jpg,47
train_0988.jpg,25
train_0989.jpg,28
train_0990.jpg,0
train_0991.jpg,12
train_0992.jpg,29
train_0993.jpg,14
train_0994.jpg,25
train_0995.jpg,10
train_0996.jpg,26
train_0997.jpg,19
train_0998.jpg,42
train_0999.jpg,30
train_1000.jpg,26
train_1001.jpg,48
train_1002.jpg,9
train_1003.jpg,29
train_1004.jpg,46
train_1005.jpg,5
train_1006.jpg,5
train_1007.jpg,3
train_1008.jpg,18
train_1009.jpg,34
train_1010.jpg,0
train_1011.jpg,24
train_1012.jpg,20
train_1013.jpg,27
train_1014.jpg,8
train_1015.jpg,19
train_1016.jpg,32
train_1017.jpg,31
train_1018.jpg,43
train_1019.jpg,44
train_1020.jpg,30
train_1021.jpg,33
train_1022.jpg,17
train_1023.jpg,26
train_1024.jpg,40
train_1025.jpg,15
train_1026.jpg,28
train_1027.jpg,39
train_1028.jpg,45
train_1029.jpg,16
train_1030.jpg,39
train_1031.jpg,3
train_1032.jpg,31
train_1033.jpg,31
train_1034.jpg,11
train_1035.jpg,15
train_1036.jpg,48
train_1037.jpg,18
train_1038.jpg,49
train_1039.jpg,32
train_1040.jpg,45
train_1041.jpg,32
train_1042.jpg,48
train_1043.jpg,47
train_1044.jpg,23
train_1045.jpg,23
train_1046.jpg,30
train_1047.jpg,44
train_1048.jpg,27
train_1049.jpg,33
train_1050.jpg,42
train_1051.jpg,31
train_1052.jpg,35
train_1053.jpg,18
train_1054.jpg,19
train_1055.jpg,9
train_1056.jpg,8
train_1057.jpg,22
train_1058.jpg,20
train_1059.jpg,43
train_1060.jpg,37
train_1061.jpg,22
train_1062.jpg,42
train_1063.jpg,19
train_1064.jpg,23
train_1065.jpg,0
train_1066.jpg,15
train_1067.jpg,19
train_1068.jpg,31
train_1069.jpg,42
train_1070.jpg,6
train_1071.jpg,0
train_1072.jpg,8
train_1073.jpg,34
train_1074.jpg,30
train_1075.jpg,47
train_1076.jpg,39
train_1077.jpg,41
train_1078.jpg,40
train_1079.jpg,24
train_1080.jpg,0
train_1081.jpg,43
train_1082.jpg,25
train_1083.jpg,47
train_1084.jpg,45
train_1085.jpg,3
train_1086.jpg,33
train_1087.jpg,4
train_1088.jpg,26
train_1089.jpg,39
train_1090.jpg,22
train_1091.jpg,40
train_1092.jpg,29
train_1093.jpg,34
train_1094.jpg,4
train_1095.jpg,0
train_1096.jpg,13
train_1097.jpg,43
train_1098.jpg,30
train_1099.jpg,18
train_1100.jpg,22
train_1101.jpg,38
train_1102.jpg,20
train_1103.jpg,4
train_1104.jpg,31
train_1105.jpg,33
train_1106.jpg,17
train_1107.jpg,34
train_1108.jpg,34
train_1109.jpg,35
train_1110.jpg,27
train_1111.jpg,38
train_1112.jpg,18
train_1113.jpg,0
train_1114.jpg,28
train_1115.jpg,48
train_1116.jpg,11
train_1117.jpg,33
train_1118.jpg,31
train_1119.jpg,39
train_1120.jpg,24
train_1121.jpg,45
train_1122.jpg,14
train_1123.jpg,10
train_1124.jpg,12
train_1125.jpg,29
train_1126.jpg,19
train_1127.jpg,11
train_1128.jpg,3
train_1129.jpg,31
train_1130.jpg,12
train_1131.jpg,33
train_1132.jpg,29
train_1133.jpg,32
train_1134.jpg,15
train_1135.jpg,2
train_1136.jpg,44
train_1137.jpg,45
train_1138.jpg,0
train_1139.jpg,4
train_1140.jpg,34
train_1141.jpg,39
train_1142.jpg,37
train_1143.jpg,13
train_1144.jpg,2
train_1145.jpg,7
train_1146.jpg,40
train_1147.jpg,4
train_1148.jpg,37
train_1149.jpg,45
train_1150.jpg,14
train_1151.jpg,12
train_1152.jpg,7
train_1153.jpg,14
train_1154.jpg,36
train_1155.jpg,31
train_1156.jpg,23
train_1157.jpg,21
train_1158.jpg,4
train_1159.jpg,10
train_1160.jpg,41
train_1161.jpg,43
train_1162.jpg,47
train_1163.jpg,42
train_1164.jpg,21
train_1165.jpg,20
train_1166.jpg,28
train_1167.jpg,5
train_1168.jpg,9
train_1169.jpg,13
train_1170.jpg,14
train_1171.jpg,45
train_1172.jpg,33
train_1173.jpg,22
train_1174.jpg,3
train_1175.jpg,35
train_1176.jpg,41
train_1177.jpg,34
train_1178.jpg,28
train_1179.jpg,13
train_1180.jpg,37
train_1181.jpg,42
train_1182.jpg,34
train_1183.jpg,19
train_1184.jpg,12
train_1185.jpg,23
train_1186.jpg,43
train_1187.jpg,36
train_1188.jpg,46
train_1189.jpg,44
train_1190.jpg,41
train_1191.jpg,9
train_1192.jpg,25
train_1193.jpg,33
train_1194.jpg,33
train_1195.jpg,48
train_1196.jpg,0
train_1197.jpg,9
train_1198.jpg,47
train_1199.jpg,40
train_1200.jpg,33
train_1201.jpg,46
train_1202.jpg,13
train_1203.jpg,3
train_1204.jpg,13
train_1205.jpg,2
train_1206.jpg,23
train_1207.jpg,43
train_1208.jpg,30
train_1209.jpg,32
train_1210.jpg,4
train_1211.jpg,42
train_1212.jpg,1
train_1213.jpg,1
train_1214.jpg,1
train_1215.jpg,16
train_1216.jpg,42
train_1217.jpg,48
train_1218.jpg,5
train_1219.jpg,38
train_1220.jpg,11
train_1221.jpg,14
train_1222.jpg,18
train_1223.jpg,27
train_1224.jpg,11
train_1225.jpg,3
train_1226.jpg,27
train_1227.jpg,49
train_1228.jpg,14
train_1229.jpg,47
train_1230.jpg,45
train_1231.jpg,48
train_1232.jpg,32
train_1233.jpg,40
train_1234.jpg,47
train_1235.jpg,25
train_1236.jpg,8
train_1237.jpg,38
train_1238.jpg,18
train_1239.jpg,21
train_1240.jpg,2
train_1241.jpg,19
train_1242.jpg,6
train_1243.jpg,41
train_1244.jpg,34
train_1245.jpg,10
train_1246.jpg,2
train_1247.jpg,48
train_1248.jpg,41
train_1249.jpg,42
train_1250.jpg,36
train_1251.jpg,19
train_1252.jpg,32
train_1253.jpg,44
train_1254.jpg,17
train_1255.jpg,1
train_1256.jpg,5
train_1257.jpg,19
train_1258.jpg,41
train_1259.jpg,30
train_1260.jpg,45
train_1261.jpg,16
train_1262.jpg,46
train_1263.jpg,48
train_1264.jpg,29
train_1265.jpg,1
train_1266.jpg,25
train_1267.jpg,8
train_1268.jpg,13
train_1269.jpg,19
train_1270.jpg,0
train_1271.jpg,44
train_1272.jpg,40
train_1273.jpg,22
train_1274.jpg,41
train_1275.jpg,1
train_1276.jpg,16
train_1277.jpg,17
train_1278.jpg,20
train_1279.jpg,2
train_1280.jpg,10
train_1281.jpg,47
train_1282.jpg,36
train_1283.jpg,41
train_1284.jpg,38
train_1285.jpg,44
train_1286.jpg,3
train_1287.jpg,30
train_1288.jpg,8
train_1289.jpg,18
train_1290.jpg,8
train_1291.jpg,8
train_1292.jpg,27
train_1293.jpg,14
train_1294.jpg,6
train_1295.jpg,27
train_1296.jpg,19
train_1297.jpg,38
train_1298.jpg,31
train_1299.jpg,21
train_1300.jpg,28
train_1301.jpg,8
train_1302.jpg,26
train_1303.jpg,9
train_1304.jpg,4
train_1305.jpg,43
train_1306.jpg,0
train_1307.jpg,14
train_1308.jpg,49
train_1309.jpg,45
train_1310.jpg,4
train_1311.jpg,44
train_1312.jpg,47
train_1313.jpg,5
train_1314.jpg,10
train_1315.jpg,7
train_1316.jpg,3
train_1317.jpg,39
train_1318.jpg,6
train_1319.jpg,47
train_1320.jpg,38
train_1321.jpg,15
train_1322.jpg,20
train_1323.jpg,40
train_1324.jpg,13
train_1325.jpg,45
train_1326.jpg,34
train_1327.jpg,21
train_1328.jpg,21
train_1329.jpg,1
train_1330.jpg,35
train_1331.jpg,41
train_1332.jpg,11
train_1333.jpg,5
train_1334.jpg,18
train_1335.jpg,26
train_1336.jpg,41
train_1337.jpg,39
train_1338.jpg,20
train_1339.jpg,6
train_1340.jpg,15
train_1341.jpg,38
train_1342.jpg,34
train_1343.jpg,47
train_1344.jpg,29
train_1345.jpg,49
train_1346.jpg,18
train_1347.jpg,6
train_1348.jpg,10
train_1349.jpg,21
train_1350.jpg,45
train_1351.jpg,20
train_1352.jpg,29
train_1353.jpg,9
train_1354.jpg,23
train_1355.jpg,33
train_1356.jpg,39
train_1357.jpg,29
train_1358.jpg,21
train_1359.jpg,17
train_1360.jpg,23
train_1361.jpg,14
train_1362.jpg,27
train_1363.jpg,25
train_1364.jpg,6
train_1365.jpg,39
train_1366.jpg,9
train_1367.jpg,8
train_1368.jpg,43
train_1369.jpg,28
train_1370.jpg,5
train_1371.jpg,4
train_1372.jpg,16
train_1373.jpg,1
train_1374.jpg,15
train_1375.jpg,15
train_1376.jpg,1
train_1377.jpg,37
train_1378.jpg,29
train_1379.jpg,31
train_1380.jpg,47
train_1381.jpg,18
train_1382.jpg,4
train_1383.jpg,16
train_1384.jpg,32
train_1385.jpg,26
train_1386.jpg,44
train_1387.jpg,11
train_1388.jpg,9
train_1389.jpg,4
train_1390.jpg,24
train_1391.jpg,6
train_1392.jpg,22
train_1393.jpg,6
train_1394.jpg,9
train_1395.jpg,30
train_1396.jpg,12
train_1397.jpg,31
train_1398.jpg,36
train_1399.jpg,28
train_1400.jpg,26
train_1401.jpg,28
train_1402.jpg,27
train_1403.jpg,25
train_1404.jpg,46
train_1405.jpg,12
train_1406.jpg,6
train_1407.jpg,3
train_1408.jpg,5
train_1409.jpg,28
train_1410.jpg,36
train_1411.jpg,49
train_1412.jpg,4
train_1413.jpg,18
train_1414.jpg,11
train_1415.jpg,43
train_1416.jpg,47
train_1417.jpg,45
train_1418.jpg,28
train_1419.jpg,38
train_1420.jpg,46
train_1421.jpg,32
train_1422.jpg,22
train_1423.jpg,9
train_1424.jpg,19
train_1425.jpg,28
train_1426.jpg,26
train_1427.jpg,25
train_1428.jpg,10
train_1429.jpg,19
train_1430.jpg,39
train_1431.jpg,17
train_1432.jpg,6
train_1433.jpg,43
train_1434.jpg,32
train_1435.jpg,3
train_1436.jpg,14
train_1437.jpg,42
train_1438.jpg,37
train_1439.jpg,44
train_1440.jpg,9
train_1441.jpg,31
train_1442.jpg,39
train_1443.jpg,10
train_1444.jpg,37
train_1445.jpg,34
train_1446.jpg,11
train_1447.jpg,29
train_1448.jpg,2
train_1449.jpg,49
train_1450.jpg,24
train_1451.jpg,11
train_1452.jpg,12
train_1453.jpg,6
train_1454.jpg,29
train_1455.jpg,21
train_1456.jpg,9
train_1457.jpg,38
train_1458.jpg,11
train_1459.jpg,3
train_1460.jpg,31
train_1461.jpg,39
train_1462.jpg,35
train_1463.jpg,16
train_1464.jpg,34
train_1465.jpg,10
train_1466.jpg,25
train_1467.jpg,20
train_1468.jpg,20
train_1469.jpg,47
train_1470.jpg,20
train_1471.jpg,31
train_1472.jpg,46
train_1473.jpg,35
train_1474.jpg,30
train_1475.jpg,17
train_1476.jpg,34
train_1477.jpg,2
train_1478.jpg,24
train_1479.jpg,21
train_1480.jpg,44
train_1481.jpg,5
train_1482.jpg,40
train_1483.jpg,37
train_1484.jpg,12
train_1485.jpg,42
train_1486.jpg,1
train_1487.jpg,46
train_1488.jpg,9
train_1489.jpg,33
train_1490.jpg,25
train_1491.jpg,10
train_1492.jpg,14
train_1493.jpg,0
train_1494.jpg,32
train_1495.jpg,16
train_1496.jpg,41
train_1497.jpg,34
train_1498.jpg,41
train_1499.jpg,10
train_1500.jpg,49
train_1501.jpg,14
train_1502.jpg,9
train_1503.jpg,42
train_1504.jpg,28
train_1505.jpg,33
train_1506.jpg,25
train_1507.jpg,21
train_1508.jpg,15
train_1509.jpg,41
train_1510.jpg,20
train_1511.jpg,7
train_1512.jpg,4
train_1513.jpg,27
train_1514.jpg,30
train_1515.jpg,15
train_1516.jpg,38
train_1517.jpg,30
train_1518.jpg,27
train_1519.jpg,43
train_1520.jpg,44
train_1521.jpg,12
train_1522.jpg,27
train_1523.jpg,19
train_1524.jpg,12
train_1525.jpg,14
train_1526.jpg,19
train_1527.jpg,5
train_1528.jpg,34
train_1529.jpg,24
train_1530.jpg,3
train_1531.jpg,37
train_1532.jpg,23
train_1533.jpg,36
train_1534.jpg,49
train_1535.jpg,26
train_1536.jpg,29
train_1537.jpg,0
train_1538.jpg,47
train_1539.jpg,16
train_1540.jpg,33
train_1541.jpg,0
train_1542.jpg,21
train_1543.jpg,28
train_1544.jpg,47
train_1545.jpg,37
train_1546.jpg,6
train_1547.jpg,43
train_1548.jpg,8
train_1549.jpg,31
train_1550.jpg,32
train_1551.jpg,0
train_1552.jpg,6
train_1553.jpg,2
train_1554.jpg,20
train_1555.jpg,6
train_1556.jpg,28
train_1557.jpg,12
train_1558.jpg,39
train_1559.jpg,26
train_1560.jpg,1
train_1561.jpg,48
train_1562.jpg,37
train_1563.jpg,5
train_1564.jpg,0
train_1565.jpg,7
train_1566.jpg,49
train_1567.jpg,16
train_1568.jpg,34
train_1569.jpg,14
train_1570.jpg,24
train_1571.jpg,45
train_1572.jpg,7
train_1573.jpg,12
train_1574.jpg,37
train_1575.jpg,25
train_1576.jpg,23
train_1577.jpg,19
train_1578.jpg,29
train_1579.jpg,44
train_1580.jpg,18
train_1581.jpg,39
train_1582.jpg,35
train_1583.jpg,42
train_1584.jpg,41
train_1585.jpg,34
train_1586.jpg,10
train_1587.jpg,46
train_1588.jpg,15
train_1589.jpg,34
train_1590.jpg,46
train_1591.jpg,13
train_1592.jpg,47
train_1593.jpg,25
train_1594.jpg,13
train_1595.jpg,3
train_1596.jpg,13
train_1597.jpg,42
train_1598.jpg,1
train_1599.jpg,33
train_1600.jpg,28
train_1601.jpg,13
train_1602.jpg,11
train_1603.jpg,17
train_1604.jpg,12
train_1605.jpg,19
train_1606.jpg,34
train_1607.jpg,14
train_1608.jpg,20
train_1609.jpg,45
train_1610.jpg,22
train_1611.jpg,9
train_1612.jpg,32
train_1613.jpg,9
train_1614.jpg,34
train_1615.jpg,37
train_1616.jpg,10
train_1617.jpg,26
train_1618.jpg,39
train_1619.jpg,31
train_1620.jpg,12
train_1621.jpg,36
train_1622.jpg,17
train_1623.jpg,1
train_1624.jpg,36
train_1625.jpg,10
train_1626.jpg,36
train_1627.jpg,12
train_1628.jpg,47
train_1629.jpg,27
train_1630.jpg,5
train_1631.jpg,45
train_1632.jpg,4
train_1633.jpg,13
train_1634.jpg,29
train_1635.jpg,37
train_1636.jpg,40
train_1637.jpg,29
train_1638.jpg,18
train_1639.jpg,39
train_1640.jpg,38
train_1641.jpg,40
train_1642.jpg,12
train_1643.jpg,16
train_1644.jpg,41
train_1645.jpg,27
train_1646.jpg,20
train_1647.jpg,24
train_1648.jpg,11
train_1649.jpg,34
train_1650.jpg,3
train_1651.jpg,11
train_1652.jpg,45
train_1653.jpg,25
train_1654.jpg,12
train_1655.jpg,41
train_1656.jpg,1
train_1657.jpg,27
train_1658.jpg,10
train_1659.jpg,49
train_1660.jpg,46
train_1661.jpg,1
train_1662.jpg,42
train_1663.jpg,15
train_1664.jpg,48
train_1665.jpg,47
train_1666.jpg,12
train_1667.jpg,49
train_1668.jpg,28
train_1669.jpg,35
train_1670.jpg,18
train_1671.jpg,21
train_1672.jpg,23
train_1673.jpg,34
train_1674.jpg,20
train_1675.jpg,14
train_1676.jpg,19
train_1677.jpg,18
train_1678.jpg,8
train_1679.jpg,7
train_1680.jpg,13
train_1681.jpg,31
train_1682.jpg,41
train_1683.jpg,19
train_1684.jpg,42
train_1685.jpg,7
train_1686.jpg,35
train_1687.jpg,20
train_1688.jpg,23
train_1689.jpg,5
train_1690.jpg,35
train_1691.jpg,16
train_1692.jpg,33
train_1693.jpg,29
train_1694.jpg,34
train_1695.jpg,23
train_1696.jpg,46
train_1697.jpg,13
train_1698.jpg,7
train_1699.jpg,38
train_1700.jpg,35
train_1701.jpg,26
train_1702.jpg,27
train_1703.jpg,40
train_1704.jpg,33
train_1705.jpg,20
train_1706.jpg,35
train_1707.jpg,29
train_1708.jpg,38
train_1709.jpg,12
train_1710.jpg,38
train_1711.jpg,7
train_1712.jpg,27
train_1713.jpg,20
train_1714.jpg,16
train_1715.jpg,5
train_1716.jpg,21
train_1717.jpg,40
train_1718.jpg,30
train_1719.jpg,46
train_1720.jpg,12
train_1721.jpg,36
train_1722.jpg,1
train_1723.jpg,14
train_1724.jpg,46
train_1725.jpg,48
train_1726.jpg,2
train_1727.jpg,46
train_1728.jpg,16
train_1729.jpg,40
train_1730.jpg,24
train_1731.jpg,13
train_1732.jpg,9
train_1733.jpg,9
train_1734.jpg,34
train_1735.jpg,31
train_1736.jpg,37
train_1737.jpg,36
train_1738.jpg,33
train_1739.jpg,22
train_1740.jpg,34
train_1741.jpg,46
train_1742.jpg,49
train_1743.jpg,35
train_1744.jpg,28
train_1745.jpg,5
train_1746.jpg,44
train_1747.jpg,29
train_1748.jpg,13
train_1749.jpg,19
train_1750.jpg,0
train_1751.jpg,46
train_1752.jpg,16
train_1753.jpg,39
train_1754.jpg,17
train_1755.jpg,13
train_1756.jpg,16
train_1757.jpg,43
train_1758.jpg,7
train_1759.jpg,6
train_1760.jpg,35
train_1761.jpg,49
train_1762.jpg,45
train_1763.jpg,3
train_1764.jpg,3
train_1765.jpg,9
train_1766.jpg,40
train_1767.jpg,13
train_1768.jpg,0
train_1769.jpg,21
train_1770.jpg,4
train_1771.jpg,22
train_1772.jpg,20
train_1773.jpg,18
train_1774.jpg,0
train_1775.jpg,2
train_1776.jpg,34
train_1777.jpg,6
train_1778.jpg,37
train_1779.jpg,26
train_1780.jpg,49
train_1781.jpg,10
train_1782.jpg,29
train_1783.jpg,10
train_1784.jpg,48
train_1785.jpg,40
train_1786.jpg,21
train_1787.jpg,8
train_1788.jpg,42
train_1789.jpg,7
train_1790.jpg,17
train_1791.jpg,11
train_1792.jpg,4
train_1793.jpg,48
train_1794.jpg,16
train_1795.jpg,30
train_1796.jpg,47
train_1797.jpg,46
train_1798.jpg,37
train_1799.jpg,19
train_1800.jpg,38
train_1801.jpg,48
train_1802.jpg,21
train_1803.jpg,29
train_1804.jpg,33
train_1805.jpg,15
train_1806.jpg,28
train_1807.jpg,27
train_1808.jpg,48
train_1809.jpg,46
train_1810.jpg,3
train_1811.jpg,44
train_1812.jpg,14
train_1813.jpg,14
train_1814.jpg,33
train_1815.jpg,46
train_1816.jpg,6
train_1817.jpg,3
train_1818.jpg,6
train_1819.jpg,3
train_1820.jpg,33
train_1821.jpg,14
train_1822.jpg,23
train_1823.jpg,26
train_1824.jpg,47
train_1825.jpg,13
train_1826.jpg,38
train_1827.jpg,32
train_1828.jpg,13
train_1829.jpg,37
train_1830.jpg,33
train_1831.jpg,25
train_1832.jpg,8
train_1833.jpg,31
train_1834.jpg,18
train_1835.jpg,26
train_1836.jpg,40
train_1837.jpg,36
train_1838.jpg,33
train_1839.jpg,11
train_1840.jpg,27
train_1841.jpg,37
train_1842.jpg,49
train_1843.jpg,3
train_1844.jpg,25
train_1845.jpg,12
train_1846.jpg,23
train_1847.jpg,9
train_1848.jpg,12
train_1849.jpg,7
train_1850.jpg,34
train_1851.jpg,16
train_1852.jpg,28
train_1853.jpg,8
train_1854.jpg,29
train_1855.jpg,41
train_1856.jpg,41
train_1857.jpg,40
train_1858.jpg,41
train_1859.jpg,41
train_1860.jpg,5
train_1861.jpg,41
train_1862.jpg,36
train_1863.jpg,18
train_1864.jpg,46
train_1865.jpg,19
train_1866.jpg,30
train_1867.jpg,5
train_1868.jpg,13
train_1869.jpg,29
train_1870.jpg,27
train_1871.jpg,27
train_1872.jpg,16
train_1873.jpg,9
train_1874.jpg,31
train_1875.jpg,16
train_1876.jpg,25
train_1877.jpg,10
train_1878.jpg,31
train_1879.jpg,23
train_1880.jpg,21
train_1881.jpg,27
train_1882.jpg,37
train_1883.jpg,8
train_1884.jpg,10
train_1885.jpg,36
train_1886.jpg,16
train_1887.jpg,9
train_1888.jpg,46
train_1889.jpg,7
train_1890.jpg,34
train_1891.jpg,0
train_1892.jpg,38
train_1893.jpg,2
train_1894.jpg,48
train_1895.jpg,33
train_1896.jpg,8
train_1897.jpg,40
train_1898.jpg,8
train_1899.jpg,48
train_1900.jpg,32
train_1901.jpg,0
train_1902.jpg,45
train_1903.jpg,47
train_1904.jpg,8
train_1905.jpg,11
train_1906.jpg,16
train_1907.jpg,8
train_1908.jpg,23
train_1909.jpg,33
train_1910.jpg,19
train_1911.jpg,36
train_1912.jpg,12
train_1913.jpg,11
train_1914.jpg,26
train_1915.jpg,41
train_1916.jpg,17
train_1917.jpg,1
train_1918.jpg,20
train_1919.jpg,20
train_1920.jpg,47
train_1921.jpg,32
train_1922.jpg,9
train_1923.jpg,27
train_1924.jpg,16
train_1925.jpg,29
train_1926.jpg,23
train_1927.jpg,40
train_1928.jpg,4
train_1929.jpg,6
train_1930.jpg,7
train_1931.jpg,27
train_1932.jpg,7
train_1933.jpg,8
train_1934.jpg,32
train_1935.jpg,43
train_1936.jpg,33
train_1937.jpg,49
train_1938.jpg,30
train_1939.jpg,32
train_1940.jpg,44
train_1941.jpg,4
train_1942.jpg,24
train_1943.jpg,13
train_1944.jpg,28
train_1945.jpg,19
train_1946.jpg,24
train_1947.jpg,38
train_1948.jpg,27
train_1949.jpg,30
train_1950.jpg,17
train_1951.jpg,15
train_1952.jpg,30
train_1953.jpg,36
train_1954.jpg,42
train_1955.jpg,46
train_1956.jpg,42
train_1957.jpg,28
train_1958.jpg,15
train_1959.jpg,22
train_1960.jpg,2
train_1961.jpg,42
train_1962.jpg,40
train_1963.jpg,31
train_1964.jpg,11
train_1965.jpg,37
train_1966.jpg,9
train_1967.jpg,3
train_1968.jpg,23
train_1969.jpg,47
train_1970.jpg,24
train_1971.jpg,33
train_1972.jpg,12
train_1973.jpg,2
train_1974.jpg,38
train_1975.jpg,33
train_1976.jpg,28
train_1977.jpg,17
train_1978.jpg,4
train_1979.jpg,14
train_1980.jpg,39
train_1981.jpg,33
train_1982.jpg,8
train_1983.jpg,40
train_1984.jpg,15
train_1985.jpg,34
train_1986.jpg,39
train_1987.jpg,46
train_1988.jpg,3
train_1989.jpg,48
train_1990.jpg,20
train_1991.jpg,42
train_1992.jpg,3
train_1993.jpg,16
train_1994.jpg,48
train_1995.jpg,46
train_1996.jpg,2
train_1997.jpg,17
train_1998.jpg,34
train_1999.jpg,27
train_2000.jpg,23
train_2001.jpg,16
train_2002.jpg,37
train_2003.jpg,26
train_2004.jpg,49
train_2005.jpg,8
train_2006.jpg,17
train_2007.jpg,5
train_2008.jpg,13
train_2009.jpg,1
train_2010.jpg,15
train_2011.jpg,44
train_2012.jpg,14
train_2013.jpg,46
train_2014.jpg,19
train_2015.jpg,29
train_2016.jpg,14
train_2017.jpg,43
train_2018.jpg,38
train_2019.jpg,35
train_2020.jpg,2
train_2021.jpg,22
train_2022.jpg,35
train_2023.jpg,41
train_2024.jpg,2
train_2025.jpg,34
train_2026.jpg,12
train_2027.jpg,37
train_2028.jpg,5
train_2029.jpg,21
train_2030.jpg,48
train_2031.jpg,6
train_2032.jpg,24
train_2033.jpg,33
train_2034.jpg,19
train_2035.jpg,4
train_2036.jpg,15
train_2037.jpg,30
train_2038.jpg,6
train_2039.jpg,8
train_2040.jpg,29
train_2041.jpg,29
train_2042.jpg,12
train_2043.jpg,4
train_2044.jpg,20
train_2045.jpg,23
train_2046.jpg,42
train_2047.jpg,3
train_2048.jpg,6
train_2049.jpg,1
train_2050.jpg,12
train_2051.jpg,4
train_2052.jpg,29
train_2053.jpg,0
train_2054.jpg,30
train_2055.jpg,49
train_2056.jpg,13
train_2057.jpg,40
train_2058.jpg,15
train_2059.jpg,40
train_2060.jpg,40
train_2061.jpg,6
train_2062.jpg,41
train_2063.jpg,14
train_2064.jpg,26
train_2065.jpg,20
train_2066.jpg,3
train_2067.jpg,38
train_2068.jpg,26
train_2069.jpg,7
train_2070.jpg,38
train_2071.jpg,29
train_2072.jpg,39
train_2073.jpg,38
train_2074.jpg,27
train_2075.jpg,44
train_2076.jpg,18
train_2077.jpg,25
train_2078.jpg,20
train_2079.jpg,31
train_2080.jpg,8
train_2081.jpg,12
train_2082.jpg,45
train_2083.jpg,44
train_2084.jpg,47
train_2085.jpg,9
train_2086.jpg,15
train_2087.jpg,10
train_2088.jpg,11
train_2089.jpg,35
train_2090.jpg,28
train_2091.jpg,11
train_2092.jpg,15
train_2093.jpg,18
train_2094.jpg,43
train_2095.jpg,35
train_2096.jpg,24
train_2097.jpg,47
train_2098.jpg,17
train_2099.jpg,12
train_2100.jpg,3
train_2101.jpg,0
train_2102.jpg,46
train_2103.jpg,43
train_2104.jpg,14
train_2105.jpg,37
train_2106.jpg,31
train_2107.jpg,20
train_2108.jpg,14
train_2109.jpg,19
train_2110.jpg,49
train_2111.jpg,26
train_2112.jpg,46
train_2113.jpg,1
train_2114.jpg,35
train_2115.jpg,47
train_2116.jpg,43
train_2117.jpg,8
train_2118.jpg,49
train_2119.jpg,49
train_2120.jpg,16
train_2121.jpg,40
train_2122.jpg,40
train_2123.jpg,15
train_2124.jpg,28
train_2125.jpg,30
train_2126.jpg,22
train_2127.jpg,32
train_2128.jpg,5
train_2129.jpg,48
train_2130.jpg,13
train_2131.jpg,18
train_2132.jpg,25
train_2133.jpg,7
train_2134.jpg,13
train_2135.jpg,10
train_2136.jpg,9
train_2137.jpg,34
train_2138.jpg,7
train_2139.jpg,11
train_2140.jpg,4
train_2141.jpg,46
train_2142.jpg,33
train_2143.jpg,41
train_2144.jpg,4
train_2145.jpg,15
train_2146.jpg,8
train_2147.jpg,30
train_2148.jpg,29
train_2149.jpg,18
train_2150.jpg,22
train_2151.jpg,47
train_2152.jpg,29
train_2153.jpg,0
train_2154.jpg,35
train_2155.jpg,23
train_2156.jpg,34
train_2157.jpg,27
train_2158.jpg,11
train_2159.jpg,44
train_2160.jpg,30
train_2161.jpg,24
train_2162.jpg,26
train_2163.jpg,29
train_2164.jpg,10
train_2165.jpg,27
train_2166.jpg,30
train_2167.jpg,24
train_2168.jpg,24
train_2169.jpg,23
train_2170.jpg,7
train_2171.jpg,23
train_2172.jpg,28
train_2173.jpg,21
train_2174.jpg,47
train_2175.jpg,32
train_2176.jpg,42
train_2177.jpg,33
train_2178.jpg,16
train_2179.jpg,36
train_2180.jpg,6
train_2181.jpg,43
train_2182.jpg,1
train_2183.jpg,19
train_2184.jpg,30
train_2185.jpg,3
train_2186.jpg,28
train_2187.jpg,22
train_2188.jpg,25
train_2189.jpg,39
train_2190.jpg,22
train_2191.jpg,38
train_2192.jpg,27
train_2193.jpg,44
train_2194.jpg,0
train_2195.jpg,41
train_2196.jpg,2
train_2197.jpg,7
train_2198.jpg,17
train_2199.jpg,8
train_2200.jpg,18
train_2201.jpg,13
train_2202.jpg,43
train_2203.jpg,18
train_2204.jpg,19
train_2205.jpg,4
train_2206.jpg,38
train_2207.jpg,36
train_2208.jpg,25
train_2209.jpg,5
train_2210.jpg,7
train_2211.jpg,44
train_2212.jpg,16
train_2213.jpg,45
train_2214.jpg,12
train_2215.jpg,38
train_2216.jpg,27
train_2217.jpg,27
train_2218.jpg,21
train_2219.jpg,41
train_2220.jpg,18
train_2221.jpg,43
train_2222.jpg,39
train_2223.jpg,41
train_2224.jpg,1
train_2225.jpg,26
train_2226.jpg,38
train_2227.jpg,19
train_2228.jpg,4
train_2229.jpg,23
train_2230.jpg,23
train_2231.jpg,21
train_2232.jpg,39
train_2233.jpg,30
train_2234.jpg,11
train_2235.jpg,33
train_2236.jpg,18
train_2237.jpg,46
train_2238.jpg,22
train_2239.jpg,9
train_2240.jpg,27
train_2241.jpg,4
train_2242.jpg,10
train_2243.jpg,29
train_2244.jpg,38
train_2245.jpg,4
train_2246.jpg,47
train_2247.jpg,9
train_2248.jpg,24
train_2249.jpg,38
train_2250.jpg,21
train_2251.jpg,36
train_2252.jpg,48
train_2253.jpg,41
train_2254.jpg,9
train_2255.jpg,24
train_2256.jpg,7
train_2257.jpg,25
train_2258.jpg,26
train_2259.jpg,13
train_2260.jpg,9
train_2261.jpg,20
train_2262.jpg,46
train_2263.jpg,0
train_2264.jpg,31
train_2265.jpg,48
train_2266.jpg,12
train_2267.jpg,28
train_2268.jpg,21
train_2269.jpg,49
train_2270.jpg,15
train_2271.jpg,22
train_2272.jpg,2
train_2273.jpg,8
train_2274.jpg,30
train_2275.jpg,1
train_2276.jpg,41
train_2277.jpg,35
train_2278.jpg,45
train_2279.jpg,8
train_2280.jpg,21
train_2281.jpg,0
train_2282.jpg,11
train_2283.jpg,40
train_2284.jpg,6
train_2285.jpg,11
train_2286.jpg,42
train_2287.jpg,18
train_2288.jpg,42
train_2289.jpg,46
train_2290.jpg,35
train_2291.jpg,17
train_2292.jpg,22
train_2293.jpg,5
train_2294.jpg,1
train_2295.jpg,19
train_2296.jpg,45
train_2297.jpg,38
train_2298.jpg,40
train_2299.jpg,36
train_2300.jpg,23
train_2301.jpg,35
train_2302.jpg,26
train_2303.jpg,2
train_2304.jpg,44
train_2305.jpg,44
train_2306.jpg,45
train_2307.jpg,7
train_2308.jpg,9
train_2309.jpg,21
train_2310.jpg,5
train_2311.jpg,26
train_2312.jpg,47
train_2313.jpg,24
train_2314.jpg,18
train_2315.jpg,43
train_2316.jpg,31
train_2317.jpg,32
train_2318.jpg,33
train_2319.jpg,39
train_2320.jpg,26
train_2321.jpg,9
train_2322.jpg,15
train_2323.jpg,49
train_2324.jpg,25
train_2325.jpg,31
train_2326.jpg,4
train_2327.jpg,19
train_2328.jpg,6
train_2329.jpg,4
train_2330.jpg,47
train_2331.jpg,14
train_2332.jpg,43
train_2333.jpg,4
train_2334.jpg,24
train_2335.jpg,33
train_2336.jpg,45
train_2337.jpg,5
train_2338.jpg,45
train_2339.jpg,15
train_2340.jpg,21
train_2341.jpg,14
train_2342.jpg,25
train_2343.jpg,16
train_2344.jpg,31
train_2345.jpg,26
train_2346.jpg,10
train_2347.jpg,27
train_2348.jpg,13
train_2349.jpg,37
train_2350.jpg,21
train_2351.jpg,30
train_2352.jpg,6
train_2353.jpg,32
train_2354.jpg,17
train_2355.jpg,44
train_2356.jpg,9
train_2357.jpg,18
train_2358.jpg,26
train_2359.jpg,43
train_2360.jpg,1
train_2361.jpg,2
train_2362.jpg,31
train_2363.jpg,16
train_2364.jpg,43
train_2365.jpg,9
train_2366.jpg,10
train_2367.jpg,0
train_2368.jpg,1
train_2369.jpg,5
train_2370.jpg,28
train_2371.jpg,14
train_2372.jpg,22
train_2373.jpg,6
train_2374.jpg,41
train_2375.jpg,41
train_2376.jpg,45
train_2377.jpg,40
train_2378.jpg,39
train_2379.jpg,29
train_2380.jpg,4
train_2381.jpg,0
train_2382.jpg,46
train_2383.jpg,32
train_2384.jpg,19
train_2385.jpg,24
train_2386.jpg,4
train_2387.jpg,31
train_2388.jpg,17
train_2389.jpg,44
train_2390.jpg,32
train_2391.jpg,0
train_2392.jpg,27
train_2393.jpg,32
train_2394.jpg,36
train_2395.jpg,48
train_2396.jpg,22
train_2397.jpg,35
train_2398.jpg,41
train_2399.jpg,9
train_2400.jpg,36
train_2401.jpg,18
train_2402.jpg,26
train_2403.jpg,32
train_2404.jpg,11
train_2405.jpg,31
train_2406.jpg,27
train_2407.jpg,3
train_2408.jpg,49
train_2409.jpg,28
train_2410.jpg,39
train_2411.jpg,40
train_2412.jpg,35
train_2413.jpg,24
train_2414.jpg,12
train_2415.jpg,17
train_2416.jpg,49
train_2417.jpg,28
train_2418.jpg,10
train_2419.jpg,10
train_2420.jpg,45
train_2421.jpg,26
train_2422.jpg,38
train_2423.jpg,22
train_2424.jpg,24
train_2425.jpg,4
train_2426.jpg,19
train_2427.jpg,20
train_2428.jpg,30
train_2429.jpg,15
train_2430.jpg,49
train_2431.jpg,36
train_2432.jpg,18
train_2433.jpg,21
train_2434.jpg,47
train_2435.jpg,8
train_2436.jpg,17
train_2437.jpg,40
train_2438.jpg,10
train_2439.jpg,10
train_2440.jpg,15
train_2441.jpg,11
train_2442.jpg,35
train_2443.jpg,49
train_2444.jpg,37
train_2445.jpg,33
train_2446.jpg,15
train_2447.jpg,21
train_2448.jpg,42
train_2449.jpg,6
train_2450.jpg,46
train_2451.jpg,23
train_2452.jpg,2
train_2453.jpg,5
train_2454.jpg,12
train_2455.jpg,6
train_2456.jpg,16
train_2457.jpg,46
train_2458.jpg,6
train_2459.jpg,11
train_2460.jpg,37
train_2461.jpg,21
train_2462.jpg,2
train_2463.jpg,41
train_2464.jpg,39
train_2465.jpg,19
train_2466.jpg,16
train_2467.jpg,36
train_2468.jpg,25
train_2469.jpg,19
train_2470.jpg,24
train_2471.jpg,27
train_2472.jpg,6
train_2473.jpg,36
train_2474.jpg,20
train_2475.jpg,24
train_2476.jpg,37
train_2477.jpg,7
train_2478.jpg,48
train_2479.jpg,17
train_2480.jpg,39
train_2481.jpg,46
train_2482.jpg,25
train_2483.jpg,21
train_2484.jpg,1
train_2485.jpg,43
train_2486.jpg,42
train_2487.jpg,20
train_2488.jpg,20
train_2489.jpg,4
train_2490.jpg,2
train_2491.jpg,31
train_2492.jpg,24
train_2493.jpg,19
train_2494.jpg,18
train_2495.jpg,5
train_2496.jpg,14
train_2497.jpg,36
train_2498.jpg,28
train_2499.jpg,48
train_2500.jpg,25
train_2501.jpg,14
train_2502.jpg,24
train_2503.jpg,29
train_2504.jpg,31
train_2505.jpg,39
train_2506.jpg,25
train_2507.jpg,22
train_2508.jpg,39
train_2509.jpg,24
train_2510.jpg,17
train_2511.jpg,13
train_2512.jpg,2
train_2513.jpg,35
train_2514.jpg,6
train_2515.jpg,25
train_2516.jpg,2
train_2517.jpg,33
train_2518.jpg,5
train_2519.jpg,41
train_2520.jpg,26
train_2521.jpg,23
train_2522.jpg,11
train_2523.jpg,44
train_2524.jpg,12
train_2525.jpg,42
train_2526.jpg,19
train_2527.jpg,41
train_2528.jpg,11
train_2529.jpg,24
train_2530.jpg,12
train_2531.jpg,1
train_2532.jpg,47
train_2533.jpg,48
train_2534.jpg,15
train_2535.jpg,8
train_2536.jpg,17
train_2537.jpg,1
train_2538.jpg,37
train_2539.jpg,46
train_2540.jpg,5
train_2541.jpg,14
train_2542.jpg,10
train_2543.jpg,13
train_2544.jpg,19
train_2545.jpg,49
train_2546.jpg,34
train_2547.jpg,32
train_2548.jpg,23
train_2549.jpg,2
train_2550.jpg,35
train_2551.jpg,20
train_2552.jpg,36
train_2553.jpg,15
train_2554.jpg,13
train_2555.jpg,34
train_2556.jpg,25
train_2557.jpg,28
train_2558.jpg,7
train_2559.jpg,39
train_2560.jpg,4
train_2561.jpg,2
train_2562.jpg,29
train_2563.jpg,33
train_2564.jpg,18
train_2565.jpg,21
train_2566.jpg,37
train_2567.jpg,23
train_2568.jpg,2
train_2569.jpg,24
train_2570.jpg,45
train_2571.jpg,26
train_2572.jpg,22
train_2573.jpg,9
train_2574.jpg,15
train_2575.jpg,24
train_2576.jpg,0
train_2577.jpg,30
train_2578.jpg,16
train_2579.jpg,33
train_2580.jpg,31
train_2581.jpg,3
train_2582.jpg,49
train_2583.jpg,5
train_2584.jpg,2
train_2585.jpg,26
train_2586.jpg,22
train_2587.jpg,12
train_2588.jpg,46
train_2589.jpg,18
train_2590.jpg,23
train_2591.jpg,38
train_2592.jpg,10
train_2593.jpg,16
train_2594.jpg,6
train_2595.jpg,18
train_2596.jpg,45
train_2597.jpg,16
train_2598.jpg,39
train_2599.jpg,11
train_2600.jpg,36
train_2601.jpg,2
train_2602.jpg,26
train_2603.jpg,45
train_2604.jpg,35
train_2605.jpg,44
train_2606.jpg,25
train_2607.jpg,43
train_2608.jpg,41
train_2609.jpg,15
train_2610.jpg,26
train_2611.jpg,20
train_2612.jpg,47
train_2613.jpg,0
train_2614.jpg,28
train_2615.jpg,30
train_2616.jpg,20
train_2617.jpg,47
train_2618.jpg,32
train_2619.jpg,21
train_2620.jpg,11
train_2621.jpg,29
train_2622.jpg,1
train_2623.jpg,35
train_2624.jpg,0
train_2625.jpg,15
train_2626.jpg,46
train_2627.jpg,37
train_2628.jpg,37
train_2629.jpg,3
train_2630.jpg,36
train_2631.jpg,17
train_2632.jpg,6
train_2633.jpg,28
train_2634.jpg,8
train_2635.jpg,3
train_2636.jpg,26
train_2637.jpg,22
train_2638.jpg,14
train_2639.jpg,6
train_2640.jpg,14
train_2641.jpg,14
train_2642.jpg,19
train_2643.jpg,3
train_2644.jpg,38
train_2645.jpg,20
train_2646.jpg,5
train_2647.jpg,40
train_2648.jpg,25
train_2649.jpg,17
train_2650.jpg,32
train_2651.jpg,26
train_2652.jpg,24
train_2653.jpg,4
train_2654.jpg,24
train_2655.jpg,21
train_2656.jpg,8
train_2657.jpg,30
train_2658.jpg,13
train_2659.jpg,23
train_2660.jpg,32
train_2661.jpg,1
train_2662.jpg,31
train_2663.jpg,25
train_2664.jpg,1
train_2665.jpg,44
train_2666.jpg,45
train_2667.jpg,16
train_2668.jpg,1
train_2669.jpg,27
train_2670.jpg,25
train_2671.jpg,25
train_2672.jpg,46
train_2673.jpg,37
train_2674.jpg,41
train_2675.jpg,25
train_2676.jpg,6
train_2677.jpg,27
train_2678.jpg,14
train_2679.jpg,16
train_2680.jpg,2
train_2681.jpg,26
train_2682.jpg,16
train_2683.jpg,2
train_2684.jpg,25
train_2685.jpg,26
train_2686.jpg,47
train_2687.jpg,36
train_2688.jpg,30
train_2689.jpg,8
train_2690.jpg,47
train_2691.jpg,33
train_2692.jpg,18
train_2693.jpg,48
train_2694.jpg,13
train_2695.jpg,32
train_2696.jpg,44
train_2697.jpg,13
train_2698.jpg,11
train_2699.jpg,43
train_2700.jpg,7
train_2701.jpg,49
train_2702.jpg,44
train_2703.jpg,45
train_2704.jpg,39
train_2705.jpg,27
train_2706.jpg,6
train_2707.jpg,30
train_2708.jpg,35
train_2709.jpg,42
train_2710.jpg,36
train_2711.jpg,28
train_2712.jpg,34
train_2713.jpg,10
train_2714.jpg,44
train_2715.jpg,48
train_2716.jpg,43
train_2717.jpg,17
train_2718.jpg,39
train_2719.jpg,26
train_2720.jpg,3
train_2721.jpg,11
train_2722.jpg,7
train_2723.jpg,3
train_2724.jpg,13
train_2725.jpg,12
train_2726.jpg,45
train_2727.jpg,1
train_2728.jpg,13
train_2729.jpg,12
train_2730.jpg,24
train_2731.jpg,4
train_2732.jpg,37
train_2733.jpg,10
train_2734.jpg,47
train_2735.jpg,34
train_2736.jpg,13
train_2737.jpg,43
train_2738.jpg,23
train_2739.jpg,6
train_2740.jpg,29
train_2741.jpg,9
train_2742.jpg,49
train_2743.jpg,45
train_2744.jpg,3
train_2745.jpg,9
train_2746.jpg,3
train_2747.jpg,5
train_2748.jpg,35
train_2749.jpg,15
train_2750.jpg,18
